user_id,username,favorites
1,Freddie Bradtke,1
2,Krista Mayert,4
3,Jonathan Hermann,4
4,Marion Ritchie,3
5,Ben Kuphal,1
6,Bertha Altenwerth,2
7,Jeff Boyle,2
8,Sonya Heaney,3
9,Douglas Kuhic,2
10,Wayne Ward,4
11,Elsie Johnston,3
12,Ricky Mueller,3
13,Angie Gutmann,3
14,Jeannette Miller IV,4
15,Amy Raynor III,4
16,Marian Batz,4
17,Mitchell Purdy,4
18,Bryan Murray,1
19,Beverly Zulauf,3
20,Bonnie Oberbrunner,3
21,Eduardo Kiehn,3
22,Velma Lebsack,1
23,Laurie Roberts,4
24,Kara O'Keefe,3
25,Clyde Herzog,3
26,Angel Boehm,3
27,Miss Abraham Quigley,2
28,Ashley Tillman,4
29,Cody Davis,3
30,Bernice Bechtelar,4
31,Geneva Bernhard,1
32,Bobbie Bode,3
33,Wade Wiza II,3
34,Julius Rowe,3
35,Geoffrey Keebler,1
36,Marlon Rowe,4
37,Noah Miller,4
38,Mr. Ollie Block,3
39,Tommie Hammes V,2
40,Rosie Kunze,1
41,Theresa Padberg,2
42,Ms. Albert Cartwright,2
43,Joy Breitenberg,4
44,Eileen Sanford,3
45,Jessie Spencer,3
46,Sandy Kub,2
47,Toni Hartmann,1
48,Vanessa Ziemann,3
49,Miss Jaime Keebler,2
50,Alyssa Champlin,4
51,Marcia Jones,1
52,Anne Schuster DVM,3
53,Kristopher Schumm,3
54,Darrel Romaguera,1
55,Darryl Sauer,4
56,Kathryn Greenholt,4
57,Gregory Barton II,1
58,Ernesto Kuhic,4
59,Pamela Kohler Sr.,3
60,Miss Edgar Moore,2
61,Frederick Koch,3
62,Molly Ebert DVM,1
63,Erica Mraz,2
64,Danny Schaden,1
65,Patrick Jacobs,3
66,Elsa Reichel,3
67,Lowell Ratke,1
68,Mrs. Kara Bogan,1
69,Sylvester Dooley,3
70,Essie Yost,1
71,Angelina Schneider DVM,1
72,Priscilla Greenholt V,4
73,Terrell Vandervort,4
74,Forrest Mitchell,3
75,Dolores Frami,3
76,Rita Stehr,4
77,Diane Homenick,1
78,Julius Kling,3
79,Keith Gutmann,2
80,Garry Wehner,4
81,Ms. Joey Deckow,4
82,Matt Hilll,4
83,Ms. Luis Collier,2
84,Calvin Zemlak,3
85,Madeline Koch,3
86,Sharon Cremin,4
87,Kerry Kozey,1
88,Mrs. Cary Jaskolski,4
89,Rita Nienow,3
90,Ben Tromp,2
91,Melvin Koepp,2
92,Willie Hickle DVM,4
93,Kate Abshire,1
94,Shari Rowe Jr.,1
95,Lola Bauch,2
96,Sherman Koss,2
97,Leona Prohaska,2
98,Stacey Wisoky,1
99,Kelvin Langworth,1
100,Della Stark,3
101,Samantha McKenzie,4
102,Tyrone Schumm,4
103,Alicia Lakin,1
104,Eula Littel,3
105,Alvin Mills,4
106,Billie Huel,4
107,Alfonso Robel,1
108,Sammy Beer,3
109,Dustin Hansen,4
110,Winston Padberg,2
111,Mr. Elsa Nader,2
112,Sherri Breitenberg II,4
113,Francisco McKenzie,4
114,Jan Weimann,2
115,Terry Aufderhar,3
116,Lyle Collier,2
117,Amber Johnston,3
118,Kristi Halvorson,3
119,Dr. Lee Koepp,4
120,Nicole Spinka,3
121,Laura Larson DVM,1
122,Darla Graham,1
123,Mark Bechtelar,1
124,Krista Koepp,1
125,Andres Rogahn,1
126,Krystal Shields,1
127,Tara Klocko,4
128,Duane Howell,3
129,Naomi Powlowski,4
130,Gina Bergstrom,2
131,Mildred Reynolds,4
132,Ollie Gutkowski Sr.,1
133,Genevieve Schneider,1
134,Sarah Nolan,4
135,Donald Rempel,4
136,Merle Mertz,2
137,Luke Gerlach,2
138,Leticia Corkery,2
139,Dr. Sally Shanahan,1
140,Tammy Grimes,3
141,Johnnie Mitchell I,2
142,Corey Torphy,4
143,Erma McClure II,3
144,Robin Watsica,3
145,Noah Schinner MD,2
146,Kimberly Harvey,4
147,Marco Orn,2
148,Laurence Jacobs,4
149,Opal Pouros,3
150,Tanya Ritchie,1
151,Lula Bergnaum,2
152,Mr. Willis Veum,2
153,Jerry Grady,2
154,Gina Lindgren DDS,1
155,Shelly Renner,3
156,Faith Haley,2
157,Mamie Pagac,1
158,Ricky Schulist,2
159,Grace Wiegand,3
160,Christie Zemlak Jr.,3
161,Freddie Cormier,4
162,Meredith Smith,3
163,Margarita Wolff,2
164,Angela Schaden,3
165,Clifford Heller,3
166,Dr. Wendy Corwin,3
167,Julius Brown,1
168,Gregg Harber,4
169,Mr. Ramona Mueller,2
170,Kirk Shields,2
171,Elena Lynch,4
172,Marion Pollich,2
173,Lorraine Senger,4
174,Luz Leffler,4
175,Walter Dooley,4
176,Alicia Quigley,3
177,Leland Corkery,3
178,Sean Labadie,1
179,Roosevelt Bashirian,2
180,Wallace Kuphal,1
181,Michael D'Amore,3
182,Miss Jody Shields,4
183,Rosemarie Nicolas,2
184,Ms. Ebony McCullough,4
185,Mr. Earnest Nikolaus,4
186,Jennie Grimes,4
187,Celia Mills,4
188,Rex Oberbrunner,2
189,Mrs. Samantha Rippin,3
190,Darnell Fahey II,3
191,Ms. Sonya Feil,2
192,Courtney Weimann,2
193,Miss Justin Buckridge,3
194,Josh Kozey,2
195,Edgar McGlynn,3
196,Ruben Renner,3
197,Elisa Murray,4
198,Jack Johns,4
199,Theodore Olson MD,2
200,Conrad Wolf,4
201,Mrs. Ashley Monahan,3
202,Karla Crist,2
203,Sean Strosin,4
204,Estelle Heidenreich,3
205,Gustavo Wyman,3
206,Rita Lynch,1
207,Clara Pollich,2
208,Mrs. Domingo Walker,1
209,Jeffery Schulist,2
210,Juana Spinka,1
211,Terrell Shanahan,3
212,Levi Moen,3
213,Miss Alexander Lebsack,2
214,Reginald Kuphal,3
215,Tina Koss,1
216,Kristina Kessler,2
217,Lamar Stamm,3
218,Barry Schneider,2
219,Lyle Pfannerstill,4
220,Ethel Huels I,4
221,Alfred Nikolaus,3
222,Jermaine Pacocha,4
223,Abraham Kutch IV,1
224,Agnes Abbott,2
225,Lindsay Keeling,4
226,Luke Schumm,3
227,Jeffrey Lakin,1
228,Ethel O'Conner,2
229,Sherry Dickinson,1
230,Anthony Pacocha,4
231,Audrey Prohaska,2
232,Stephanie Beier,1
233,Doug Pfeffer,4
234,Rachael Towne,3
235,Shawna Von,1
236,Sherri Casper,2
237,Corey Bogan,1
238,Holly Jacobson,1
239,Karla Blanda,4
240,Toby Ratke,3
241,Jan Wolff Jr.,2
242,Kelly Leannon,1
243,Jorge Hermann,2
244,Verna Upton,3
245,Miss Nina Carter,4
246,Mindy Schuster,1
247,Michael Kutch,3
248,Herbert Toy,4
249,Ernesto Shanahan,2
250,Ray Lehner,3
251,Pat Beier PhD,1
252,Alice Kulas,2
253,Antoinette Crooks MD,4
254,Patricia Predovic,4
255,Regina Rutherford,1
256,Willie Nicolas,4
257,Dr. Fred Rosenbaum,4
258,Willard Baumbach,1
259,Angelo Rice,4
260,Marion Jakubowski DDS,3
261,Jeremy Rempel,4
262,Susan Kuhn,4
263,Dr. Edna Lakin,2
264,Luis Hessel,3
265,Jenny Hegmann DDS,4
266,Preston Kovacek,3
267,Donna Rohan MD,1
268,Heidi Hartmann,1
269,Gwendolyn Jaskolski,1
270,Angela Reynolds,3
271,Monique Ebert,4
272,Ms. Kerry Strosin,4
273,Tony Nitzsche,2
274,Pat Emard,4
275,Connie Zulauf,2
276,Jan Bins,1
277,Regina Becker V,2
278,Dr. Anne Gleichner,3
279,Leigh Donnelly,4
280,Holly Boehm,3
281,Kayla Brakus,1
282,Ken Kertzmann,1
283,Hannah Wolf,1
284,Vernon Padberg,2
285,Paulette Heathcote,4
286,Jan Stark,3
287,Randolph Kassulke,3
288,Andre Baumbach,1
289,Billy Wolf,2
290,Alexander Lehner,1
291,Jane Kutch,1
292,Juanita Conn,4
293,Erica Flatley,3
294,Herbert Langosh,4
295,Sergio Bosco,4
296,Kathy McDermott,3
297,Miss Julian Nolan,2
298,Beulah Price,4
299,Mable Kreiger,1
300,Ian Hoppe,3
301,Randolph Herman,4
302,Lucia Beier,3
303,Katherine Wiza,3
304,Ken Jakubowski,3
305,Cesar Willms,3
306,Brett Jacobs,1
307,Dr. Pam Willms,4
308,Jacqueline Lubowitz,1
309,Luther Goldner IV,3
310,Roberto Weissnat,1
311,Ebony Hand,3
312,Earl Kirlin,4
313,Madeline Stiedemann,4
314,Ms. Isabel O'Reilly,3
315,Carol Stroman,4
316,Barbara Gulgowski,4
317,Miss Marcos Harvey,2
318,Gayle Yost,4
319,Bernadette McDermott,2
320,Julio Hoeger,2
321,Matt Sanford,3
322,Anna Gerlach,3
323,Michelle Langworth,1
324,Kelley Mosciski III,4
325,Heather Auer,4
326,Dominic Brown,1
327,Ernest Mante,4
328,Grace Hills,3
329,Leah Dietrich,2
330,Ebony Russel,3
331,Doreen Parker,3
332,Frank Hand,1
333,Lorenzo Keebler,4
334,Crystal Goodwin,4
335,Ms. Beverly Mills,2
336,Gwendolyn Altenwerth Sr.,1
337,Silvia Collins IV,4
338,Ramon Terry,3
339,Amos Hodkiewicz,1
340,Erika Howe,1
341,Alfredo Hahn,3
342,Byron Christiansen II,1
343,Gail Nolan PhD,2
344,Heather Dare,3
345,Tommie Heathcote,4
346,Jessie Homenick,1
347,Frederick Hickle,4
348,Rita Little,1
349,Isabel Dickens,3
350,Mr. Eva Green,1
351,Melba Dach,1
352,Benjamin Kautzer,1
353,Mamie Yundt,2
354,Lee Gorczany,4
355,Lora Feil,3
356,Laverne Howell,1
357,Marc Bahringer,2
358,Cristina Abbott,2
359,Oscar Turner,1
360,Jimmy Osinski,1
361,Molly Kuhic,4
362,Adrienne Turcotte,4
363,Joan Effertz,2
364,Dr. Greg Conroy,1
365,Jackie Beatty DVM,4
366,Lena Champlin,4
367,Derrick Champlin,2
368,Tracy Hammes,3
369,Miss Amos Hoppe,2
370,Lucas Stanton,3
371,Mark Rice,4
372,Annie Shanahan,2
373,Mr. Marta Jast,3
374,Maureen Funk,4
375,Jenny Greenfelder IV,3
376,Pablo Veum,1
377,Kerry Macejkovic,3
378,Edna Crooks,4
379,Casey Schoen,2
380,Tomas Huels,3
381,Raquel Wintheiser PhD,2
382,Garry Bosco,1
383,Lisa Rowe,4
384,Diana Prohaska,3
385,Maurice Rath,4
386,Eduardo Hyatt,2
387,Pamela Fahey Sr.,2
388,Maggie Pouros,2
389,Toby Graham,3
390,Susie Gorczany II,1
391,Jennie Christiansen,2
392,Megan Ernser,1
393,Jana Tremblay,4
394,Willis Jaskolski,2
395,Ms. Enrique Kris,1
396,Elijah Pfeffer II,1
397,Dr. Johnny Farrell,1
398,Clay Harvey,3
399,Matthew Beatty,1
400,Joel Kulas,3
401,Elaine Boyer,4
402,Jesus O'Keefe,4
403,Marjorie Langosh,4
404,Esther Bailey,2
405,Terri Gibson,4
406,Angelica Gulgowski PhD,2
407,Gabriel Murazik,3
408,Frederick Price V,2
409,Diane Zieme,1
410,Rick Ortiz IV,2
411,Dr. Winston Upton,1
412,Bernice Ryan,4
413,Alicia Veum,1
414,Jacob Rolfson,4
415,Rudolph Cole,3
416,Chester Schuppe,3
417,Celia Schmitt,3
418,Rosemarie Renner,2
419,Dallas Rosenbaum,3
420,Dr. Meredith Hoeger,1
421,Mrs. Gerard Padberg,1
422,Viola Weimann,1
423,Viola Corkery,3
424,Mrs. Dexter Windler,1
425,Gail Lubowitz,1
426,Valerie Koepp,3
427,Grant Jacobi,3
428,Woodrow Krajcik I,2
429,Samantha Hane I,1
430,Essie Kohler,2
431,Miss Lindsey Hansen,2
432,Mike Toy V,2
433,Arlene Smitham,4
434,Kate Lesch,1
435,Casey O'Hara,2
436,Marvin Barton III,2
437,Lola Pacocha,4
438,Dwayne Senger,3
439,Erick Fay,4
440,Edwin Hudson I,1
441,Tonya Bernier,4
442,Sheldon Roberts,4
443,Brian Greenfelder,1
444,Cynthia O'Hara,4
445,Kara Murray,1
446,Bernice Gerlach IV,4
447,Ms. Paulette Zboncak,1
448,Mr. Irene Heidenreich,2
449,Tracy Pouros IV,4
450,Melba Hand,3
451,Darnell Dibbert,1
452,Gayle Schulist,4
453,Willie Keebler,2
454,Micheal Runolfsdottir,1
455,Bonnie Blanda,3
456,Janis Harber,3
457,Alberto Blick,2
458,Ella Sanford,2
459,Marilyn Kreiger,2
460,Sheila Yundt,2
461,Alice Kling,1
462,Pedro Bahringer,2
463,Mr. Roosevelt Stark,4
464,Shirley Hegmann V,1
465,Carroll Sauer,1
466,Ms. Alberta Nitzsche,2
467,Evan Christiansen,2
468,Carolyn Hackett IV,1
469,Tricia Volkman,1
470,Elbert Heaney,1
471,Desiree Dickens I,1
472,Todd Koelpin,2
473,Randall Nienow,2
474,Laurie Maggio,4
475,Miss Myrtle Nader,4
476,Darnell Von,1
477,Priscilla Schiller,3
478,Jeanne O'Kon,1
479,Rhonda O'Hara,4
480,Ken Little,4
481,Ms. Charlie Bergstrom,2
482,Brett Hyatt,4
483,Catherine Ankunding,2
484,Mark Kuvalis,1
485,Eloise Brown,1
486,Shawn Wintheiser,3
487,Lois Anderson,3
488,Ernestine Mohr,2
489,Jamie Thompson Sr.,4
490,Scott Prohaska,4
491,Leticia Jacobs,3
492,Neil Ratke,3
493,Hope Corwin,3
494,Elsie Ratke III,1
495,Valerie Dach,3
496,Mr. Jeffrey Fisher,4
497,Kurt Simonis,1
498,Ellen Predovic,1
499,Felicia Legros,4
500,Jackie Kunze,4
501,Alexander Conroy,4
502,Jennie Brekke,1
503,Gregory Reinger,3
504,Pam Collier,2
505,Miss Gerald Conn,1
506,Hannah Franecki,1
507,Shari Sanford,1
508,Rodney Homenick,4
509,Kenneth Zieme,1
510,Mr. Bradley Lind,1
511,Marlene Kovacek,4
512,Don Weimann,4
513,Rodolfo Hirthe,2
514,Leticia Schroeder,1
515,Alberta Windler,4
516,Mrs. Christie Torp,1
517,Tabitha Satterfield III,1
518,Mr. Luke Jacobi,4
519,Bennie Koepp,1
520,Cody Volkman,4
521,Bryant Reilly,1
522,Amber Schiller,3
523,Dolores Fay,1
524,Joan Hilll,2
525,Ms. Rogelio Bailey,1
526,Renee Grady,1
527,Faith Lang,4
528,Lucy Windler,4
529,Jeannie Bogan,2
530,Kelly Ullrich,3
531,Miranda Brekke,2
532,Eunice Rempel,3
533,Walter Murray,2
534,Christian Keebler,4
535,Bernard Doyle,3
536,Guy Pagac,1
537,Rogelio Jacobs,3
538,Genevieve Rempel,2
539,John Nitzsche,2
540,Vernon Labadie,2
541,Robin Wiegand,4
542,Hope Boyer,2
543,Jerald Ortiz,2
544,Opal Schimmel,1
545,Henrietta Walsh,1
546,Charlene Carroll I,2
547,Rickey Becker,4
548,Miss Florence Kemmer,2
549,Jaime Toy PhD,2
550,Ashley Leuschke,2
551,Franklin Renner,2
552,Lester Waters,1
553,Dr. Terence Torphy,3
554,Jeanette Oberbrunner,3
555,Geoffrey Mann,3
556,Warren Johnson,3
557,Christine Pollich,2
558,Spencer Aufderhar III,1
559,Paula Hartmann,4
560,Pedro Stokes,1
561,Arthur Hirthe II,1
562,Richard Koch,3
563,Francisco Reichel,4
564,Dennis Yost DVM,1
565,Beulah Lang,3
566,Ernestine Lockman,4
567,Kerry Stoltenberg I,1
568,Audrey Thiel,2
569,Randal Cole,2
570,Charlene McClure,3
571,Jennie Hintz,3
572,Johanna Kunze V,4
573,Phil Gutmann,4
574,Regina Hudson,4
575,Elsa Frami I,4
576,Henrietta Keeling,4
577,Ora Ortiz,2
578,Ms. Jody Gulgowski,4
579,Jody Turner,2
580,Jermaine Sipes,3
581,Mr. Jeanette Hudson,3
582,Stacy Cummerata DDS,1
583,Oliver Becker,2
584,Melba Daniel,1
585,Shelley Ruecker,2
586,Lorraine Quitzon,4
587,Robin Mertz,1
588,Cecil Gleason,3
589,Kristine Streich MD,3
590,Lela Jacobi,4
591,Holly Borer,4
592,Janice Haley III,4
593,Israel Monahan,4
594,Rita Lind,3
595,Evan D'Amore,2
596,Miss Elmer Fahey,3
597,Candace Lehner,1
598,Ann Turner,3
599,Chelsea Rippin,4
600,Zachary Watsica,1
601,Felix Wisoky,4
602,Elisa Legros,1
603,Danny Torp,3
604,Arlene Gorczany,4
605,Dr. Alma Stark,1
606,Margie Conroy,3
607,Emanuel Watsica V,4
608,Miss Lula McClure,1
609,Salvador Corkery,4
610,Don Dare II,2
611,Rachel Ruecker III,2
612,Jay Anderson,3
613,Miss Lawrence Herman,1
614,Grady Willms,2
615,Ms. Darrell Boyer,2
616,Ms. Brenda Auer,2
617,Nicholas Raynor,4
618,Gerardo Smitham,4
619,Levi Paucek,2
620,Dr. Emmett Schaefer,1
621,Carole Wuckert,1
622,Owen Kshlerin III,2
623,Angelica Von,1
624,Mike Ritchie,1
625,Angelina Murphy Jr.,2
626,Mack Jerde,1
627,Mrs. Terry Ruecker,2
628,Ira Cronin,4
629,Van Lesch,3
630,Sheila Kilback,3
631,Natalie Kris,3
632,Terrell Herzog,2
633,Patty Mosciski,1
634,Marianne Hagenes,4
635,Stephanie Rempel,4
636,Isaac Donnelly,1
637,Mae Considine,4
638,Leticia Cormier,1
639,Suzanne Borer,2
640,Jean Torp,3
641,Joan Kihn V,1
642,Nichole Mosciski V,4
643,Roberto Boyer,2
644,Jean Mosciski,1
645,Homer Hahn,2
646,Miss Rosemary Rippin,2
647,Percy Kreiger,3
648,Monique Boyle,4
649,Raymond Toy,2
650,Tamara Dibbert III,1
651,Erma Legros,1
652,Danny Carroll,4
653,Clarence Harber V,1
654,Dexter Bins V,2
655,Stella Farrell,1
656,Dolores Denesik,1
657,Pat Gutmann III,2
658,Guy Wunsch,4
659,Miss Eugene Crooks,3
660,Terri Collins,1
661,Angel Harris,4
662,Luke Funk,3
663,Randolph Rau,1
664,Duane Huel,4
665,Lynda McDermott,2
666,Mr. Justin O'Conner,1
667,Jenna Dickens,3
668,Essie Hane,1
669,Miss Emanuel Lueilwitz,2
670,Lyle Heathcote,1
671,Dr. Gordon Witting,3
672,Mr. Ebony Johns,2
673,Nathan Rodriguez,2
674,Micheal Dicki V,1
675,Beverly O'Connell,3
676,Damon Ebert,1
677,Ms. Ramona Kovacek,3
678,Anne Aufderhar,1
679,Gwen Cole,1
680,Jill Koch,2
681,Miss Meghan Larkin,2
682,Sadie Strosin,3
683,Dana Konopelski,3
684,Luke Marvin,2
685,Dr. Jesus Wolff,2
686,Vanessa Ebert,1
687,Kristine Gerhold,4
688,Wilbur King,2
689,Joey O'Connell V,4
690,Cornelius Heller,4
691,Ana Olson,1
692,Flora Wisoky IV,3
693,Miranda Hudson,2
694,Shirley Barton,2
695,Ruby Nader DDS,2
696,Mrs. Joann Heathcote,2
697,Phyllis Muller,1
698,Fredrick Satterfield,4
699,Judith Hauck,4
700,Mrs. Patti Jacobson,3
701,Lawrence Leannon,3
702,Julio Buckridge,2
703,Lynda O'Connell,2
704,Dr. Esther Zemlak,4
705,Kelly Howe,2
706,Glenda Swaniawski,3
707,Jay Kautzer,1
708,Leah Jenkins,3
709,Elbert Gerhold,3
710,Dr. Elmer Conroy,4
711,Martin Purdy,4
712,Orville Feil,4
713,Van Erdman,4
714,Carroll Weissnat,4
715,Lucy Haley,2
716,Ruth Cruickshank,2
717,Randolph Nienow I,3
718,Jorge Collier,2
719,Bertha Upton,4
720,Samantha Koepp II,4
721,Philip Tremblay,2
722,Pablo Funk,3
723,Pedro Weber,3
724,Brett Beier,2
725,Christian Lynch,1
726,Lorene Hintz,3
727,Norman Corwin,2
728,Kurt Hirthe,2
729,Alexander Turner,2
730,Ian Kohler I,4
731,Noah Gleason,2
732,Kelvin Kunze PhD,2
733,Ernesto Abernathy,1
734,Stanley Heathcote,2
735,Jasmine McCullough,1
736,Josefina Moore,4
737,Whitney Fritsch,2
738,Sadie Hirthe,1
739,Sandra Zboncak,2
740,Estelle Douglas,3
741,Marian Lockman,4
742,Ernesto Champlin,3
743,Kelly Blick,2
744,Martha O'Hara,4
745,Hope Feil,3
746,Jacob Schroeder,4
747,Pat Keeling,4
748,Dora Kris,3
749,Gordon Rolfson,4
750,Clara Abernathy,2
751,Tina Kirlin V,3
752,Eileen Yost,2
753,Larry Dibbert DDS,1
754,Beatrice Beahan I,3
755,Sara Aufderhar,2
756,Terri Russel II,4
757,Mrs. Franklin Roberts,4
758,Alicia Ward,1
759,Rodney Kassulke,3
760,Shawna Greenfelder,1
761,Garrett Langworth MD,3
762,Jenny Wuckert,4
763,Nathan Marvin,3
764,Dr. Ervin Satterfield,2
765,Allison Padberg,4
766,Louis Berge,4
767,Donnie Waelchi DVM,4
768,Mr. Robin Oberbrunner,1
769,Claire Carroll,2
770,Sarah Wuckert,2
771,Keith Christiansen,4
772,Lindsey Huel,4
773,Ms. Luz Quigley,4
774,Mr. David Bode,4
775,Janice Kemmer,3
776,Steve Bednar,4
777,Miss Terrence Flatley,3
778,Ricky Boyer,1
779,Mrs. Alison Kilback,3
780,Erma Towne,3
781,Lloyd Bauch,3
782,Jessie Gorczany Jr.,4
783,Marie Schumm,3
784,Vicky Baumbach,3
785,Lucille Flatley,2
786,Yolanda Dickinson,3
787,Alexis Beer,3
788,Wm O'Conner,2
789,George Kihn,2
790,Jody Konopelski,3
791,Al Grimes,1
792,Danny Ankunding,3
793,Lola Ullrich,1
794,Ruben Greenfelder,1
795,Jenna Volkman,2
796,Floyd Gulgowski,3
797,Camille Simonis,4
798,Antonia Johnson,4
799,Roger Hermann,1
800,Felicia Powlowski,3
801,Olivia Casper,3
802,Stacy Armstrong,2
803,Milton Cartwright,4
804,Jeffery Shields,1
805,Mr. Leonard Bechtelar,2
806,Eleanor Grimes,2
807,Ismael Ebert,4
808,Elbert Hegmann,3
809,Ms. Lindsey Ferry,4
810,Flora Bernhard,3
811,Cesar Turner MD,1
812,Anita Jones,3
813,Joel Roob,2
814,Lena Considine II,4
815,Courtney Haley,3
816,Miss Merle Ortiz,2
817,Alexis Lueilwitz IV,3
818,Cecilia Hilpert Jr.,4
